"pergunta";"alternativa1";"alternativa2";"alternativa3";"alternativa4";"correta"
"Qual a importância de se alinhar as atividades da equipe com o resultado esperado?";"Para evitar conflitos entre os membros da equipe";"Para garantir a satisfação individual de cada membro";"Para identificar e corrigir desvios no emprego da força de trabalho";"Para fortalecer a hierarquia e o papel da liderança";"Para identificar e corrigir desvios no emprego da força de trabalho"
"Por que é importante haver consenso sobre a importância do resultado esperado?";"Para evitar a necessidade de feedback e comunicação constante";"Para que a equipe possa se concentrar em seus projetos pessoais";"Para garantir a motivação e o empenho na entrega de valor";"Para que a liderança possa delegar tarefas de forma mais eficiente";"Para garantir a motivação e o empenho na entrega de valor"
"Quando se faz necessário reavaliar a divisão de papéis e funções em uma equipe?";"Quando a equipe está passando por um período de treinamento";"Quando há conflitos entre os membros da equipe";"Quando alguns membros acumulam funções ou se tornam 'donos' delas";"Quando a liderança decide delegar mais tarefas";"Quando alguns membros acumulam funções ou se tornam 'donos' delas"
"Qual o papel da liderança nos ajustes interpessoais e resolução de conflitos?";"Evitar a intervenção e deixar que a equipe resolva os problemas";"Estimular a competição para que os membros se destaquem";"Agir de forma imparcial, mediando as divergências e buscando soluções construtivas";"Punir os membros envolvidos para que os conflitos não se repitam";"Agir de forma imparcial, mediando as divergências e buscando soluções construtivas"
"O que deve ser considerado ao se reorganizar o trabalho e definir níveis de autonomia?";"A experiência e a senioridade dos membros da equipe";"A preferência individual de cada membro em relação às tarefas";"O tipo de atividade e a necessidade de transição entre equipes ou turnos";"A hierarquia da equipe e o nível de confiança na liderança";"O tipo de atividade e a necessidade de transição entre equipes ou turnos"
"Como fortalecer as relações entre os membros da equipe e a liderança?";"Promovendo atividades sociais e momentos de descontração";"Reforçando a hierarquia e a importância da comunicação vertical";"Criando um ambiente de confiança e respeito, com comunicação aberta e feedback constante";"Incentivando a competição saudável entre os membros da equipe";"Criando um ambiente de confiança e respeito, com comunicação aberta e feedback constante"
"Por que a gestão de expectativas é importante para o trabalho em equipe?";"Para evitar frustrações e conflitos, garantindo que todos estejam alinhados";"Para que a equipe possa se concentrar nas tarefas, sem se preocupar com o futuro";"Para que a liderança possa definir as metas individuais de cada membro";"Para garantir que as ambições pessoais estejam acima dos objetivos da equipe";"Para evitar frustrações e conflitos, garantindo que todos estejam alinhados"
"Qual a importância do feedback em um processo de alinhamento de equipe?";"Para que os membros da equipe possam se autoavaliar e buscar reconhecimento";"Para que a liderança possa identificar os membros que merecem ser promovidos";"Para que a equipe possa se comparar com outras equipes e buscar melhores resultados";"Para identificar pontos fortes e fracos, ajustando as ações para alcançar os objetivos";"Para identificar pontos fortes e fracos, ajustando as ações para alcançar os objetivos"
"Qual o objetivo de se alinhar os projetos pessoais dos membros da equipe com as diretrizes da Administração?";"Para evitar que as ambições pessoais interfiram nos objetivos da equipe";"Para que a equipe possa usar os recursos da Administração em benefício próprio";"Para garantir a satisfação individual de cada membro, independente dos resultados da equipe";"Para promover a competição entre os membros da equipe, estimulando o crescimento individual";"Para evitar que as ambições pessoais interfiram nos objetivos da equipe"
"Como a equipe deve se preparar para ser avaliada?";"Concentrando-se em atingir as metas individuais, buscando reconhecimento";"Buscando atender às expectativas da liderança, mesmo que isso signifique comprometer os resultados";"Mantendo um registro de suas atividades e resultados, demonstrando seu valor para a organização";"Comparando-se com outras equipes e buscando superar seus resultados";"Mantendo um registro de suas atividades e resultados, demonstrando seu valor para a organização"
"Qual a importância do aprimoramento contínuo de competências por parte da liderança?";"Para garantir a promoção para cargos de maior responsabilidade";"Para demonstrar superioridade em relação aos membros da equipe";"Para manter-se atualizado e promover um ambiente de alto nível de envolvimento";"Para evitar a necessidade de treinamentos para os membros da equipe";"Para manter-se atualizado e promover um ambiente de alto nível de envolvimento"
"O que significa treinar a equipe para a automotivação e a autoliderança?";"Incentivar a equipe a buscar reconhecimento e recompensas individuais";"Desenvolver a capacidade da equipe de trabalhar de forma independente e com alto desempenho";"Criar um ambiente de competição para que os membros se destaquem";"Delegar todas as responsabilidades para a equipe, sem a necessidade de supervisão";"Desenvolver a capacidade da equipe de trabalhar de forma independente e com alto desempenho"
"Como a liderança pode promover o binômio 'desafios x oportunidades'?";"Criando metas impossíveis de serem alcançadas, para estimular a equipe";"Oferecendo oportunidades de crescimento individual, mesmo que isso prejudique os resultados da equipe";"Equilibrando as sobrecargas de trabalho e mostrando as oportunidades de crescimento nos desafios";"Incentivando a equipe a buscar desafios fora do ambiente de trabalho";"Equilibrando as sobrecargas de trabalho e mostrando as oportunidades de crescimento nos desafios"
"Quais as características de uma comunicação aberta e efetiva em uma equipe?";"Comunicação vertical, focada na hierarquia e no papel da liderança";"Comunicação informal, baseada em encontros sociais e momentos de descontração";"Comunicação clara, oportuna e efetiva, com feedback em todas as direções";"Comunicação por meio de canais digitais, sem a necessidade de contato pessoal";"Comunicação clara, oportuna e efetiva, com feedback em todas as direções"
"Por que é importante desenvolver um ambiente de confiança entre os membros da equipe?";"Para evitar a necessidade de regras e normas, pois a confiança substitui a disciplina";"Para garantir que a equipe trabalhe em harmonia, sem a necessidade de cobranças";"Para que os membros da equipe se sintam à vontade para expressar suas opiniões e ideias";"Para que a liderança possa controlar a equipe de forma mais eficiente";"Para que os membros da equipe se sintam à vontade para expressar suas opiniões e ideias"
"Como a liderança deve lidar com os problemas que surgem no ambiente de trabalho?";"Ignorar os problemas e esperar que se resolvam com o tempo";"Culpar a equipe pelos problemas e buscar punições para os responsáveis";"Encarar os problemas como oportunidades de aprendizagem e estimular a equipe na busca de soluções";"Resolver os problemas sozinha, sem o envolvimento da equipe";"Encarar os problemas como oportunidades de aprendizagem e estimular a equipe na busca de soluções"
"De que forma a equipe pode solucionar problemas técnicos de maneira colaborativa?";"Buscando soluções individuais para se destacarem e receberem recompensas";"Compartilhando conhecimentos e experiências, trabalhando em conjunto para encontrar a melhor solução";"Consultando especialistas externos à equipe para resolver os problemas";"Utilizando métodos tradicionais e evitando a inovação, para garantir a segurança";"Compartilhando conhecimentos e experiências, trabalhando em conjunto para encontrar a melhor solução"
"Qual a importância da resolução construtiva de conflitos de relacionamento em uma equipe?";"Para evitar que os conflitos se tornem públicos e prejudiquem a imagem da equipe";"Para que os membros da equipe aprendam a lidar com as diferenças e a trabalhar em harmonia";"Para que a liderança possa punir os membros que causam conflitos";"Para evitar a necessidade de comunicação e feedback, pois os conflitos se resolvem sozinhos";"Para que os membros da equipe aprendam a lidar com as diferenças e a trabalhar em harmonia"
"Como a liderança deve lidar com as diversidades dentro da equipe?";"Ignorar as diferenças e tratar todos os membros da mesma forma";"Estimular o debate sobre as diferenças para promover a tolerância";"Valorizar o potencial de cada membro, independentemente de suas características individuais";"Separar os membros da equipe de acordo com suas características";"Valorizar o potencial de cada membro, independentemente de suas características individuais"
"Por que é importante valorizar a experiência e as habilidades dos membros da equipe?";"Para que os membros mais experientes possam se destacar e receber reconhecimento";"Para garantir a hierarquia dentro da equipe, com base na experiência";"Para evitar a necessidade de treinamentos, pois a equipe já possui os conhecimentos necessários";"Para que a equipe possa aprender e crescer junta, aproveitando o conhecimento de cada membro";"Para que a equipe possa aprender e crescer junta, aproveitando o conhecimento de cada membro"

